{"cameraMode":{"drawMode":0,"name":"Shaded","section":"Shading Mode"},"sceneLighting":true,"audioPlay":false,"sceneViewState":{"showFog":false,"showMaterialUpdate":false,"showSkybox":false,"showFlares":false,"showImageEffects":false,"showParticleSystems":false},"in2DMode":false,"pivot":{"x":4.253904342651367,"y":-4.347414493560791,"z":3.2697930335998537},"rotation":{"x":-0.5344143509864807,"y":0.033448781818151477,"z":-0.021172456443309785,"w":-0.8442976474761963},"size":6.238588809967041,"orthographic":false}