{"cameraMode":{"drawMode":0,"name":"Shaded","section":"Shading Mode"},"sceneLighting":true,"audioPlay":false,"sceneViewState":{"showFog":false,"showMaterialUpdate":false,"showSkybox":false,"showFlares":false,"showImageEffects":false,"showParticleSystems":false},"in2DMode":false,"pivot":{"x":4.7054667472839359,"y":-3.9707369804382326,"z":4.018585681915283},"rotation":{"x":-0.5066623687744141,"y":-0.0020720744505524637,"z":0.0012172666611149908,"w":-0.8621437549591065},"size":6.238588809967041,"orthographic":false}